Price,Close,High,Low,Open,Volume,SMA_20,SMA_50,EMA_12,EMA_26,RSI_14,MACD,MACD_signal,MACD_hist,Stoch_K,Stoch_D,BB_upper,BB_middle,BB_lower,ATR_14,Price_Change,Volatility_20,HL_Ratio,Hour,DayOfWeek,Month
2025-03-12,87.20010375976562,87.30490112304688,87.09880065917969,87.20010375976562,0,86.97881546020508,86.6940724182129,87.12565415871815,86.98264559220024,55.97286731045544,0.1430085665179064,0.1454290616324105,-0.0024204951145041,68.79361011685074,69.6666248845188,87.58873175224923,86.97881546020508,86.36889916816094,0.3966920035226004,-0.0017743528974459,0.3049581460220761,1.0023662836033032,0,2,3
2025-03-13,87.3405990600586,87.3405990600586,86.92859649658203,87.3405990600586,0,87.00214538574218,86.72517044067382,87.15872260507822,87.00916066389345,68.08603725343569,0.1495619411847712,0.1462556375428826,0.0033063036418886,80.58228146055845,77.4389789889164,87.6305946793876,87.00214538574218,86.37369609209676,0.3956636701311384,0.0016111827192319,0.3142246468227085,1.0047395515409334,0,3,3
2025-03-14,86.9220962524414,86.99569702148438,86.86630249023438,86.9220962524414,0,87.01054534912109,86.74753234863282,87.1223185508264,87.00271144823034,57.01463409315776,0.1196071025960634,0.1409259305535188,-0.0213188279574554,27.9182413370948,59.09804430483467,87.6294534048067,87.01054534912109,86.39163729343548,0.4081208365304129,-0.0047916182407841,0.3094540278428032,1.0014895825831258,0,4,3
2025-03-17,86.93900299072266,86.96980285644531,86.69049835205078,86.93900299072266,0,87.03576545715332,86.77113235473632,87.09411615696429,86.99799230322978,54.686871473066,0.096123853734511,0.1319655151897172,-0.0358416614552062,29.1842878646692,45.89493688744082,87.59398806030144,87.03576545715332,86.4775428540052,0.3764283316476004,0.0001945044932205,0.279111301574065,1.0032218583316972,0,0,3
2025-03-18,86.91639709472656,86.91809844970703,86.51290130615234,86.91639709472656,0,87.03884544372559,86.79584625244141,87.06677476277387,86.99194821371103,46.39667441790637,0.0748265490628483,0.1205377219643435,-0.0457111729014951,39.208665094969085,32.103731432244366,87.59353243621283,87.03884544372559,86.48415845123836,0.3712430681501116,-0.0002600201890802,0.2773434962436194,1.004683661482127,0,1,3
2025-03-19,86.57610321044922,86.66000366210938,86.27469635009766,86.57610321044922,0,87.02329063415527,86.81123825073242,86.991286831647,86.96114488013609,38.49030483364947,0.0301419515109131,0.1024585678736574,-0.0723166163627443,23.78332169431936,30.725424884652558,87.61227078638836,87.02329063415527,86.43431048192218,0.3924217224121094,-0.0039151862669418,0.2944900761165421,1.0044660523689144,0,2,3
2025-03-20,86.33709716796875,86.39900207519531,86.17639923095703,86.33709716796875,0,86.99650535583496,86.81983016967773,86.8906422680042,86.91491912367925,31.11087817987533,-0.0242768556750547,0.077111483163915,-0.1013883388389697,12.480446530147896,25.15747777314545,87.65850067082144,86.99650535583496,86.33451004084847,0.393843514578683,-0.0027606468022647,0.3309976574932428,1.0025831068160749,0,3,3
2025-03-21,86.33609771728516,86.34120178222656,85.92990112304688,86.33609771728516,0,86.99075012207031,86.82815216064454,86.80532772173973,86.87204346394637,27.2995847971894,-0.0667157422066395,0.048346038089804,-0.1150617802964436,27.7249222789833,21.32956350115019,87.67435511867346,86.99075012207031,86.30714512546716,0.4073437282017299,-1.157614416491537e-05,0.3418024983015775,1.0047864672693003,0,4,3
2025-03-24,85.98699951171875,86.03800201416016,85.47200012207031,85.98699951171875,0,86.96362991333008,86.82413208007813,86.67943107404419,86.80648465267025,25.127980438991983,-0.1270535786260609,0.013266114746631,-0.140319693372692,26.82706790822633,22.344145572452515,87.75831153098133,86.96362991333008,86.16894829567883,0.4447010585239955,-0.0040434790869232,0.397340808825626,1.0066220737935403,0,0,3
2025-03-25,85.53209686279297,85.82869720458984,85.53099822998047,85.53209686279297,0,86.90572967529297,86.80176208496094,86.50291811846708,86.71208555712379,22.29976519697365,-0.2091674386567064,-0.0312205959340364,-0.17794684272267,3.130526709032307,19.22750563208065,87.92213562889644,86.90572967529297,85.88932372168951,0.4408008030482701,-0.0052903654216215,0.508202976801734,1.0034805974532053,0,1,3
2025-03-26,85.59040069580078,85.85980224609375,85.59310150146484,85.59040069580078,0,86.8311897277832,86.78286209106446,86.36253082267226,86.62899778961838,26.57044321687984,-0.2664669669461261,-0.0782698701364543,-0.1881970968096717,6.167658245204058,12.041750954154232,88.00056307189813,86.8311897277832,85.66181638366827,0.4360869271414621,0.0006816602789634,0.5846866720574624,1.003115914015855,0,2,3
2025-03-27,86.09539794921875,86.09629821777344,85.63300323486328,86.09539794921875,0,86.77784957885743,86.77615005493163,86.32143345752556,86.5894718755147,32.988797347533406,-0.2680384179891462,-0.1162235797069927,-0.1518148382821534,32.47370031674873,13.923961756995036,87.98049834696647,86.77784957885743,85.57520081074838,0.4474296569824219,0.0059001622765244,0.6013243840545212,1.005410238639412,0,3,3
2025-03-28,85.69490051269531,85.78099822998047,85.4186019897461,85.69490051269531,0,86.696244430542,86.75792602539063,86.22504377370552,86.52320733012067,29.61964795164691,-0.2981635564151474,-0.1526115750486237,-0.1455519813665237,14.003278967434596,17.5482125097958,87.96184185148688,86.696244430542,85.43064700959711,0.4606508527483259,-0.0046517868093212,0.632798710472441,1.004242591564281,0,4,3
2025-03-31,85.53880310058594,85.53939819335938,85.2654037475586,85.53880310058594,0,86.59998474121093,86.73732208251953,86.11946828553327,86.45028849830328,22.12302748984763,-0.330820212770007,-0.1882533025929003,-0.1425669101771066,13.174632352941176,19.883870545708174,87.91172588972182,86.59998474121093,85.28824359270004,0.4686219351632254,-0.0018215484372521,0.6558705742554453,1.003213430462512,0,0,3
2025-04-01,85.46810150146484,85.81729888916016,85.37519836425781,85.46810150146484,0,86.50690994262695,86.72246215820313,86.0192580110612,86.37753390594487,22.71069492360769,-0.3582758948836755,-0.2222578210510554,-0.1360180738326201,9.76764705882353,12.315186126399771,87.86405280525368,86.50690994262695,85.14976708000022,0.4818932669503348,-0.0008265441712804,0.6785714313133684,1.005178325009754,0,1,4
2025-04-02,85.61009979248047,85.7063980102539,85.39569854736328,85.61009979248047,0,86.42656478881835,86.70562622070312,85.956310592818,86.32068693457714,22.74728337923112,-0.3643763417591401,-0.2506815251926724,-0.1136948165664677,19.92124977402301,14.287843061929244,87.79690121831317,86.42656478881835,85.05622835932354,0.4746573311941964,0.0016614185704497,0.6851682147474055,1.0036383502702808,0,2,4
2025-04-03,85.65119934082031,85.910400390625,85.20230102539062,85.65119934082031,0,86.36465988159179,86.68919616699219,85.90937040020297,86.27109526096552,27.28519806368037,-0.3617248607625498,-0.2728901923066479,-0.0888346684559019,25.39733241248328,18.362076415109943,87.75863789593451,86.36465988159179,84.97068186724907,0.4913575308663504,0.0004800782669271,0.6969890071713578,1.0083108009609196,0,3,4
2025-04-04,85.28289794921875,85.63829803466797,84.92500305175781,85.28289794921875,0,86.27236480712891,86.66605010986328,85.81299002312846,86.1978954600954,23.70345962159556,-0.3849054369669318,-0.2952932412387047,-0.0896121957282271,17.9567369343781,21.0917730402948,87.69740492451581,86.27236480712891,84.84732468974201,0.5232783726283482,-0.0043000144123613,0.7125200586934525,1.00839911636477,0,4,4
2025-04-07,85.529296875,86.03240203857422,83.23609924316406,85.529296875,0,86.19513969421386,86.65257598876953,85.76934492341638,86.14836963897721,29.436328512032148,-0.3790247155608313,-0.31203953610313,-0.0669851794577012,66.97609954142138,36.77672296276092,87.60462563694297,86.19513969421386,84.78565375148476,0.6925784519740513,0.0028891950403464,0.7047429713645499,1.0335948323003592,0,0,4
2025-04-08,86.0270004272461,86.31089782714844,85.81120300292969,86.0270004272461,0,86.12873458862305,86.64374801635742,85.80898423169788,86.13937932699714,42.22257282287799,-0.3303950952992665,-0.3157106479423573,-0.0146844473569091,88.23860018139365,57.72381221906438,87.42903048278379,86.12873458862305,84.8284386944623,0.7025713239397321,0.0058191002432006,0.6501479470803728,1.0058231886598967,0,1,4
2025-04-09,86.435302734375,86.74299621582031,86.1312026977539,86.435302734375,0,86.09049453735352,86.64076202392579,85.90534092441743,86.1612995793955,51.32731682367886,-0.2559586549780732,-0.3037602493495005,0.0478015943714272,91.22604730494108,82.1469156759187,87.29993640997662,86.09049453735352,84.88105266473042,0.7251635960170201,0.0047462111325642,0.60472093631155,1.007103041626079,0,2,4
2025-04-10,86.20929718017578,86.3311996459961,85.60369873046875,86.20929718017578,0,86.03392944335937,86.63213592529297,85.95210342530333,86.16485495723109,48.38446284847778,-0.2127515319277506,-0.2855585058651505,0.0728069739373998,84.78144525471222,88.08203091368233,87.09376273298457,86.03392944335937,84.97409615373417,0.7551852634974888,-0.0026147366533065,0.5299166448126034,1.0084984752565185,0,3,4
2025-04-11,86.2603988647461,86.26689910888672,85.93720245361328,86.2603988647461,0,86.0008445739746,86.62440383911132,85.99953349290992,86.17193228371367,53.76955783565212,-0.1723987908037543,-0.2629265628528713,0.090527772049117,86.23862192596202,87.4153714952051,86.98235547210577,86.0008445739746,85.01933367584344,0.7170137677873883,0.0005927630341715,0.4907554490655839,1.0038364834537334,0,4,4
2025-04-14,86.19300079345703,86.20030212402344,85.78579711914062,86.19300079345703,0,85.96354446411132,86.61718383789062,86.02929769299408,86.17349291406504,60.2025769674699,-0.1441952210709587,-0.2391802944964888,0.09498507342553,84.31674991732947,85.11227236600125,86.84671270090882,85.96354446411132,85.08037622731382,0.7183423723493304,-0.0007813327109087,0.4415841183987541,1.0048318605037514,0,0,4
2025-04-15,86.0447998046875,86.04499816894531,85.59089660644531,86.0447998046875,0,85.91996459960937,86.59921188354492,86.0316826332546,86.16396009114818,56.82526076463456,-0.1322774578935792,-0.2177997271759069,0.0855222692823276,80.09076352750752,83.54871179026634,86.68300896497743,85.91996459960937,85.15692023424131,0.7379422869001117,-0.0017194086225709,0.3815221826840331,1.005305489024002,0,1,4
2025-04-16,85.72669982910156,85.76329803466797,85.50800323486328,85.72669982910156,0,85.87749443054199,86.57114395141602,85.98476220184645,86.13157044210769,44.13257377081026,-0.1468082402612367,-0.2036014297929728,0.0567931895317361,71.02006718067425,78.47586020850375,86.57882901266565,85.87749443054199,85.17615984841832,0.7401493617466518,-0.0036969111010541,0.3506672910618322,1.002985624621633,0,2,4
2025-04-17,85.62049865722656,85.62560272216797,85.29740142822266,85.62049865722656,0,85.84166450500489,86.5368719482422,85.92872165652032,86.09371327285724,48.69360897219498,-0.1649916163369198,-0.1958794671017622,0.0308878507648424,67.99171554379797,73.03418208399324,86.51686738467015,85.84166450500489,85.16646162533962,0.7224709647042411,-0.0012388342498511,0.3376014398326299,1.0038477291036996,0,3,4
2025-04-22,85.15889739990234,85.23139953613281,84.972900390625,85.15889739990234,0,85.78280448913574,86.48828384399414,85.81028715550218,86.02446765263835,43.97570683668655,-0.2141804971361693,-0.1995396731086437,-0.0146408240275256,54.82904606923439,64.6136095979022,86.48136490364341,85.78280448913574,85.08424407462807,0.7380496433803013,-0.0053912470093429,0.3492802072538333,1.0030421363083937,0,1,4
2025-04-23,85.2323989868164,85.52120208740234,85.19580078125,85.2323989868164,0,85.74507446289063,86.44266983032226,85.72138128339668,85.9657958996145,46.26570160424705,-0.2444146162178242,-0.2085146617304798,-0.0358999544873444,56.92496127538856,59.91524096280697,86.47787243354585,85.74507446289063,85.0122764922354,0.7323499407087054,0.0008631110683468,0.366398985327613,1.0038194524045598,0,2,4
2025-04-24,85.4999008178711,85.66519927978516,85.23690032958984,85.4999008178711,0,85.74346466064453,86.40286590576171,85.68730736562352,85.93128515281869,48.32086342309498,-0.2439777871951634,-0.2156072868234165,-0.0283705003717468,64.55283951476757,58.76894895313018,86.47837101935346,85.74346466064453,85.00855830193561,0.7410714285714286,0.0031384993762297,0.3674531793544632,1.0050248067273586,0,3,4
2025-04-25,85.2573013305664,85.66290283203125,85.06079864501953,85.2573013305664,0,85.72680969238282,86.37178787231446,85.62115259099936,85.88136042524445,44.34528699073192,-0.2602078342450937,-0.224527396307752,-0.0356804379373417,57.63505752127678,59.70428610381098,86.49084239878654,85.72680969238282,84.96277698597909,0.7335003444126674,-0.0028374241956311,0.3820163532018643,1.0070785155630204,0,4,4
2025-04-28,85.38490295410156,85.45850372314453,84.95379638671875,85.38490295410156,0,85.69128494262695,86.34200592041016,85.58480649301508,85.84458579775239,51.57307442512777,-0.2597793047373073,-0.231577777993663,-0.0282015267436442,61.27364811946325,61.153848385169205,86.44920399758284,85.69128494262695,84.93336588767106,0.7176797049386161,0.0014966650544145,0.3789595274779483,1.0059409627102278,0,0,4
2025-04-29,85.1603012084961,85.37650299072266,84.95500183105469,85.1603012084961,0,85.664554977417,86.31013000488281,85.51949798770447,85.79389805040007,44.27100237617476,-0.2744000626956051,-0.2401422349340515,-0.0342578277615536,11.54174164442208,43.48348242838738,86.45877581090193,85.664554977417,84.87033414393207,0.5486510140555245,-0.002630462035264,0.3971104167424616,1.0049614637229505,0,1,4
2025-04-30,85.1707992553711,85.26390075683594,84.41529846191406,85.1707992553711,0,85.64615478515626,86.28485397338868,85.46585202888396,85.74774258410163,34.33710725530918,-0.2818905552176716,-0.2484918989907755,-0.033398656226896,32.45699714188321,35.09079563525619,86.46917193221098,85.64615478515626,84.82313763810153,0.5534368242536273,0.0001232739519003,0.4115085735273632,1.010052707392899,0,2,4
2025-05-01,84.53119659423828,84.716796875,84.3406982421875,84.53119659423828,0,85.59930953979492,86.2383819580078,85.3220588850923,85.65762806633397,17.88503853924054,-0.3355691812416665,-0.2659073554409538,-0.0696618258007127,9.570370143235504,17.856369643180273,86.56011907467975,85.59930953979492,84.63850000491009,0.5615871974400112,-0.0075096472819876,0.4804047674424135,1.0044592781498265,0,3,5
2025-05-02,84.69670104980469,84.74819946289062,83.58270263671875,84.69670104980469,0,85.55363960266114,86.1945719909668,85.22584998735574,85.58644828733179,23.956809016511883,-0.3605982999760471,-0.2848455443479725,-0.0757527556280746,41.50211896322867,27.84316208278247,86.59568787556458,85.55363960266114,84.51159132975769,0.5854366847446987,0.0019579097686366,0.5210241364517246,1.0139442347448078,0,4,5
2025-05-05,84.52629852294922,84.55960083007812,72.96710205078125,84.52629852294922,0,85.49739456176758,86.14764190673829,85.11822668513936,85.50791867515531,21.32121371179392,-0.3896919900159474,-0.3058148334815674,-0.0838771565343799,87.34997134624231,46.140820150902165,86.63438028714127,85.49739456176758,84.36040883639389,1.3997154235839844,-0.0020119145697925,0.5684928626868441,1.1588729503225863,0,0,5
2025-05-06,84.2208023071289,84.6167984008789,84.2145004272461,84.2208023071289,0,85.44428977966308,86.10303390502929,84.98016139621467,85.41257672196816,19.76466735285861,-0.4324153257534959,-0.3311349319359531,-0.1012803938175427,86.05130484801178,71.63446505249426,86.71482842993814,85.44428977966308,84.17375112938802,1.3945508684430803,-0.0036142149976834,0.6352693251375273,1.0047770629949928,0,1,5
2025-05-07,84.79319763183594,84.89129638671875,84.47319793701172,84.79319763183594,0,85.40748481750488,86.06830978393555,84.95139774015641,85.36669678936578,33.020410698021024,-0.4152990492093664,-0.3479677553906358,-0.0673312938187306,92.41883756662054,88.60670458695823,86.70990183113909,85.40748481750488,84.10506780387067,1.3994358607700892,0.0067963651381479,0.6512085068171085,1.0049494805443353,0,2,5
2025-05-08,84.81719970703125,85.88359832763672,84.52200317382812,84.81719970703125,0,85.34699478149415,86.03085174560547,84.93075188890639,85.32599330178545,36.59151647125516,-0.3952414128790593,-0.3574224868883205,-0.0378189259907387,91.7439017691175,90.07134806124994,86.6406093746702,85.34699478149415,84.05338018831809,1.4583500453404017,0.0002830660461647,0.6468072965880285,1.0161093573587974,0,3,5
2025-05-09,86.08219909667969,86.08290100097656,85.27110290527344,86.08219909667969,0,85.32933959960937,86.01087173461914,85.1078976131792,85.38200854585169,55.0732875265334,-0.2741109326724853,-0.3407601760451535,0.0666492433726682,99.99464840609755,94.71912924727854,86.56892450256655,85.32933959960937,84.0897546966522,1.5180931091308594,0.0149144205894311,0.6197924514785852,1.009520201663217,0,4,5
2025-05-12,85.4083023071289,85.40840148925781,83.71240234375,85.4083023071289,0,85.28928985595704,85.97579376220703,85.1541137199407,85.38395623187222,52.61836717693722,-0.2298425119315226,-0.3185766432224273,0.0887341312909047,94.85659473426428,95.53171496982644,86.45895387443117,85.28928985595704,84.1196258374829,1.6411072867257257,-0.0078285266480462,0.5848320092370701,1.0202598312558693,0,0,5
2025-05-13,84.9656982421875,85.46720123291016,84.60399627685547,84.9656982421875,0,85.2245548248291,85.92856765747071,85.12512672336328,85.35297415856223,47.4014418180764,-0.227847435198953,-0.3004308016177325,0.0725833664187795,91.482007592283,95.44441691088164,86.30805669542086,85.2245548248291,84.14105295423734,1.6768858773367743,-0.0051822135903111,0.5417509352958807,1.0102028863179224,0,1,5
2025-05-14,85.060302734375,85.51100158691406,84.90249633789062,85.060302734375,0,85.167919921875,85.88049377441406,85.11515380198047,85.33129479380761,45.567503280966086,-0.2161409918271459,-0.2835728396596152,0.0674318478324692,92.20330937913369,92.84730390189364,86.15214586431321,85.167919921875,84.18369397943678,1.6894362313406808,0.0011134433559039,0.4921129712191059,1.0071671066843753,0,2,5
2025-05-15,85.48760223388672,85.731201171875,85.20330047607422,85.48760223388672,0,85.14006004333496,85.84365386962891,85.17245356073528,85.34287312270237,52.23875283682156,-0.170419561967094,-0.260942184121111,0.0905226221540169,95.46120850624216,93.0488418258863,86.04839378069045,85.14006004333496,84.23172630597946,1.694350106375558,0.0050234890515976,0.4541668686777484,1.0061957775444277,0,3,5
2025-05-16,85.44490051269531,85.67539978027344,85.21700286865234,85.44490051269531,0,85.12597007751465,85.80821182250976,85.21436847642144,85.35043070714629,50.59302427297215,-0.1360622307248462,-0.235966193441858,0.0999039627170118,95.13563382067738,94.2667172353511,86.004233229335,85.12597007751465,84.2477069256943,1.691042218889509,-0.0004995077657526,0.4391315759101739,1.00537917195149,0,4,5
2025-05-19,85.50029754638672,85.62860107421875,85.33300018310547,85.50029754638672,0,85.11996002197266,85.78043182373047,85.25835756410841,85.36153195449744,53.47686872721826,-0.1031743903890287,-0.2094078328312922,0.1062334424422634,95.55800255247762,95.3849482931324,85.98552760584784,85.11996002197266,84.25439243809748,1.6814493451799666,0.0006483363355684,0.4327837919375866,1.0034640864668884,0,0,5
2025-05-20,85.37210083007812,85.63849639892578,85.36109924316406,85.37210083007812,0,85.13062019348145,85.7452978515625,85.27585652810374,85.36231483417008,52.01016012713872,-0.0864583060663335,-0.1848179274783004,0.0983596214119669,94.58058046179602,95.09140561165036,86.00342818265007,85.13062019348145,84.25781220431283,1.6406489780970983,-0.0014993715810057,0.4364039945843113,1.0032496905290724,0,1,5
2025-05-21,85.53610229492188,85.68470001220703,85.46710205078125,85.53610229492188,0,85.14580535888672,85.71454391479492,85.31589433838346,85.37518797941095,61.087998545339445,-0.0592936410274944,-0.1597130701881392,0.1004194291606447,95.83099201100102,95.32319167509156,86.03645450241741,85.14580535888672,84.25515621535602,1.603684561593192,0.001921019434325,0.4453245717653474,1.0025459850188496,0,2,5
2025-05-22,85.60030364990234,86.09980010986328,85.4655990600586,85.60030364990234,0,85.15082550048828,85.67944793701172,85.35964961707867,85.39186321426217,60.198217591595984,-0.0322135971834995,-0.1342131755872113,0.1019995784037117,96.19654348471444,95.53603865250382,86.05095959297505,85.15082550048828,84.25069140800152,1.56573486328125,0.0007505761106474,0.4500670462433799,1.0074205417943545,0,3,5
2025-05-23,85.97489929199219,86.02279663085938,85.08219909667969,85.97489929199219,0,85.18670539855957,85.65494384765626,85.45430341321921,85.4350510718718,65.62881211117494,0.0192523413474106,-0.1035200722002869,0.1227724135476975,94.7683281083724,95.59862120136262,86.15902327444726,85.18670539855957,84.21438752267187,0.7950919015066964,0.0043761017907355,0.4861589379438511,1.0110551624683664,0,4,5
2025-05-26,85.19930267333984,85.19950103759766,84.768798828125,85.19930267333984,0,85.17742538452148,85.61211791992187,85.41507253016084,85.4175882275361,59.584698440788216,-0.0025156973752586,-0.0833191972352812,0.0808034998600225,62.28121474749217,84.41536211352634,86.14531117519694,85.17742538452148,84.20953959384603,0.8525063650948661,-0.0090211983385781,0.4839428953377237,1.0050809049488354,0,0,5
2025-05-27,85.158203125,85.44840240478516,82.0958023071289,85.158203125,0,85.17732048034668,85.57684005737305,85.3755541601361,85.39837451623713,53.99070431652035,-0.0228203561010218,-0.0712194290084294,0.0483990729074075,76.48357888158046,77.84437391248169,86.1452145405313,85.17732048034668,84.20942642016206,1.0440853663853236,-0.0004823930132084,0.4839470300923094,1.0408376555614114,0,1,5
2025-05-28,85.3604965209961,85.72149658203125,85.24729919433594,85.3604965209961,0,85.18680534362792,85.54526992797851,85.37323760026841,85.39556873881186,55.71712318979041,-0.0223311385434499,-0.0614417709154335,0.0391106323719835,81.53586427139624,73.43355263348963,86.15814208003884,85.18680534362792,84.215468607217,0.9870638166155132,0.0023755009919497,0.4856683682054573,1.0055626089292788,0,2,5
2025-05-29,85.38590240478516,85.61409759521484,85.38590240478516,85.38590240478516,0,85.22954063415527,85.51466003417968,85.37518603173253,85.39485271406913,40.0865936290899,-0.0196666823366058,-0.0530867531996679,0.0334200708630621,82.17037720174082,80.06327345157251,86.15347868402517,85.22954063415527,84.30560258428537,0.9147709437779018,0.0002976304593402,0.4619690249349516,1.002672516000919,0,3,5
2025-05-30,85.36129760742188,85.64140319824219,85.23860168457031,85.36129760742188,0,85.26277046203613,85.49036392211914,85.37304935106934,85.39236715061378,49.17898653276725,-0.0193177995444386,-0.0463329624686221,0.0270151629241834,81.55587143586655,81.75403763633454,86.15321679223963,85.26277046203613,84.37232413183263,0.7742712838309151,-0.0002881599499485,0.4452231651017522,1.004725576273089,0,4,5
2025-06-02,85.52429962158203,85.62169647216797,85.28410339355469,85.52429962158203,0,85.31267051696777,85.4741079711914,85.39631862345591,85.40213992624106,60.81303406496357,-0.0058213027851508,-0.0382306305319278,0.032409327746777,85.6268530445188,83.11770056070873,86.13888011732834,85.31267051696777,84.4864609166072,0.7367275782993862,0.0019095540804663,0.4131048001802835,1.0039584525741616,0,0,6
2025-06-03,85.36370086669922,85.70449829101562,85.28520202636719,85.36370086669922,0,85.36981544494628,85.45466003417968,85.3913005070318,85.39929258849723,55.726666071444,-0.0079920814654315,-0.0321829207186285,0.024190839253197,81.61589292927754,82.93287246988764,86.01668206192569,85.36981544494628,84.72294882796687,0.723212650844029,-0.0018778143240389,0.3234333084897033,1.0049164011421208,0,1,6
2025-06-04,85.70880126953125,86.010498046875,85.55130004882812,85.70880126953125,0,85.41559562683105,85.44909606933594,85.44014677818555,85.4222191574627,54.308856094044906,0.017927620722844,-0.022160812430334,0.0400884331531781,90.23478883866984,85.82584493748874,86.01875917828752,85.41559562683105,84.81243207537457,0.7214911324637276,0.0040427066695587,0.3015817757282388,1.0053675163064124,0,2,6
2025-06-05,85.9041976928711,86.02770233154297,85.61949920654297,85.9041976928711,0,85.46994552612304,85.4565380859375,85.5115392265987,85.45792127119667,58.44454606409332,0.0536179554020321,-0.0070050588638608,0.060623014265893,95.1148220696173,88.98850127918824,86.04112267674611,85.46994552612304,84.89876837549997,0.7179058619907924,0.0022797708105306,0.2855885753115365,1.0047676420533047,0,3,6
2025-06-06,85.87750244140625,85.94000244140625,85.47799682617188,85.87750244140625,0,85.45971069335937,85.46228012084961,85.567841259646,85.48900135787886,57.00918945126983,0.0788399017671395,0.0101639332623392,0.0686759685048002,94.44810713169667,93.26590601332794,85.99061043037446,85.45971069335937,84.92881095634428,0.7297919137137276,-0.0003107560769065,0.2654498685075473,1.005404965399153,0,4,6
2025-06-09,85.7853012084961,85.85600280761719,85.48880004882812,85.77899932861328,0,85.47856063842774,85.45607818603516,85.60129663639216,85.51094949496162,57.78215875552132,0.0903471414305414,0.0262005748959796,0.0641465665345617,92.14537777337408,93.9027689915627,86.0282148788205,85.47856063842774,84.92890639803497,0.7377422877720424,-0.0010736366369418,0.2748271201963866,1.004295331769534,0,0,6
2025-06-10,85.75599670410156,85.75599670410156,85.50800323486328,85.75599670410156,0,85.51807556152343,85.45730010986328,85.625096646809,85.5291011400831,54.36281840915008,0.0959955067258988,0.0401595612619635,0.0558359454639353,91.41349664260726,92.668993849226,86.02441086212704,85.51807556152343,85.01174026091982,0.7352207728794643,-0.0003416028618155,0.2531676503018025,1.0029002369352156,0,1,6
2025-06-11,85.65280151367188,85.6532974243164,85.404296875,85.65280151367188,0,85.54770050048828,85.459580078125,85.62935893401867,85.5382641307193,51.02571364686592,0.0910948032993701,0.0503466096694448,0.0407481936299252,90.46514876921464,91.341341061732,86.00855227589659,85.54770050048828,85.08684872507996,0.7150421142578125,-0.0012033583002453,0.230425887704158,1.002915550603746,0,2,6
2025-06-12,85.46980285644531,85.71289825439453,85.38050079345703,85.46980285644531,0,85.54681053161622,85.4596141052246,85.60481184516122,85.53319292521752,39.33267163371058,0.0716189199437025,0.0546010717242963,0.0170178482194061,85.81094453995443,89.22986331725879,86.00821938220726,85.54681053161622,85.08540168102517,0.6715992518833706,-0.0021365168913635,0.2307044252955221,1.003893130841919,0,3,6
2025-06-13,85.68840026855469,86.20439910888672,85.62039947509766,85.68840026855469,0,85.55898551940918,85.4611801147461,85.61767160260636,85.54468976546472,63.50730073112661,0.0729818371416399,0.0582772248077651,0.0147046123338748,87.44099591103056,87.90569640673323,86.02191975374318,85.55898551940918,85.09605128507518,0.6379203796386719,0.0025575981785816,0.2314671171670017,1.006820800152409,0,4,6
2025-06-16,86.24919891357422,86.24120330810547,85.77400207519531,86.24919891357422,0,85.59643058776855,85.47314010620117,85.71482965044757,85.59687562828765,73.40999204382119,0.1179540221599211,0.0702125842781963,0.0477414378817248,100.7974857890772,91.3498087466874,86.15138361350581,85.59643058776855,85.04147756203129,0.4379348754882812,0.0065446273155052,0.2774765128686278,1.0054468862546553,0,0,6
2025-06-17,86.10420227050781,86.38980102539062,85.88349914550781,86.10420227050781,0,85.63303565979004,85.48956619262695,85.77473313045684,85.6344553795632,66.36031324581337,0.140277750893631,0.0842256176012832,0.0560521332923477,75.19119888660613,87.80989352890464,86.2212677486682,85.63303565979004,85.04480357091188,0.4338640485491071,-0.0016811361136431,0.2941160444390795,1.0058952171828144,0,1,6
2025-06-18,86.36270141601562,86.54630279541016,86.25260162353516,86.36270141601562,0,85.67436561584472,85.50623428344727,85.86518978977357,85.68839953041153,69.48929109646386,0.1767902593620363,0.1027385459534338,0.0740517134086024,85.95998903169722,87.31622456912686,86.34439050738033,85.67436561584472,85.00434072430912,0.4473282950265067,0.0030021664296442,0.335012445767805,1.0034051282668193,0,2,6
2025-06-19,86.61360168457031,86.90170288085938,86.32530212402344,86.61360168457031,0,85.72503051757812,85.51796630859376,85.98033008128075,85.75693302331217,72.91679464769383,0.2233970579685831,0.1268702483564637,0.0965268096121193,82.18958409976324,81.11359067268887,86.51413714238072,85.72503051757812,84.93592389277552,0.4597282409667969,0.0029051924550864,0.3945533124012972,1.0066770777819904,0,3,6
2025-06-20,86.58380126953125,86.76309967041016,86.47100067138672,86.58380126953125,0,85.75547561645507,85.52093627929688,86.07317180255006,85.8181825230321,70.38222076103644,0.2549892795179573,0.1524940545887624,0.1024952249291948,80.33396577275602,82.8278463014055,86.62777309459815,85.75547561645507,84.88317813831199,0.4564786638532366,-0.0003440616076397,0.4361487390715424,1.003377999523025,0,4,6
2025-06-23,86.5802993774414,87.02940368652344,86.55180358886719,86.5802993774414,0,85.82452545166015,85.52835632324219,86.15119142945642,85.87463562335873,74.91002136992464,0.27655580609769,0.177306404890548,0.099249401207142,72.76344707923656,78.42899898391862,86.72947523549259,85.82452545166015,84.91957566782771,0.4606432233537946,-4.044511835354925e-05,0.4524748919162213,1.005518083712327,0,0,6
2025-06-24,86.23300170898438,86.35459899902344,85.9000015258789,86.23300170898438,0,85.87826538085938,85.52780838012696,86.16377762630687,85.901181259331,60.72342710167185,0.2625963669758704,0.1943643973076124,0.0682319696682579,51.701098901098895,68.26617058436383,86.7433841543858,85.87826538085938,85.01314660733296,0.463036128452846,-0.0040112782117212,0.4325593867632095,1.0052921707225764,0,1,6
2025-06-25,85.90480041503906,86.1270980834961,85.79019927978516,85.90480041503906,0,85.90548057556153,85.5220443725586,86.12393497841951,85.901449344939,50.011694313603016,0.2224856334805167,0.1999886445421933,0.0224969889383234,31.796876807403123,52.0871409292462,86.73555362469997,85.90548057556153,85.07540752642308,0.4655075073242187,-0.0038059824828191,0.4150365245692275,1.003927008056156,0,2,6
2025-06-26,86.006103515625,86.11810302734375,85.58699798583984,86.006103515625,0,85.93649063110351,85.52127044677735,86.10580706106651,85.90920150573055,52.42497482376636,0.1966055553359638,0.1993120267009474,-0.0027064713649836,37.940543666859455,40.47950645845384,86.73038603020963,85.93649063110351,85.14259523199739,0.4704431806291853,0.0011792484249599,0.396947699553061,1.0062054407094847,0,3,6
2025-06-27,85.66639709472656,85.77970123291016,85.37249755859375,85.66639709472656,0,85.95174560546874,85.52006439208985,86.03820552778345,85.89121599380432,47.949293535899535,0.1469895339791236,0.1888475281565826,-0.041857994177459,17.737850755615312,29.158423743292637,86.71003054933834,85.95174560546874,85.19346066159915,0.4879362923758371,-0.0039497943403135,0.3791424719347988,1.0047697289637911,0,4,6
2025-06-30,85.4552993774414,85.92769622802734,85.24199676513672,85.4552993774414,0,85.94829559326172,85.51676040649414,85.94852765850005,85.85892587407373,45.11996711397928,0.0896017844263212,0.1689983794105304,-0.0793965949842091,11.933634683433,22.5373430353026,86.71534626790267,85.94829559326172,85.18124491862076,0.5171078273228237,-0.0024641834423331,0.3835253373204744,1.0080441506406743,0,0,6
2025-07-01,85.71399688720703,85.74169921875,85.45929718017578,85.71399688720703,0,85.9658103942871,85.52786239624024,85.91244600137806,85.84819039356509,50.94542445680232,0.0642556078129672,0.1480498250910177,-0.0837942172780505,26.40697629749145,18.6928205788466,86.69154073817727,85.9658103942871,85.24008005039694,0.5124435424804688,0.0030272845762671,0.3628651719450793,1.0033045209578406,0,1,7
2025-07-02,85.6427993774414,85.77100372314453,85.510498046875,85.6427993774414,0,85.96251029968262,85.53607040405274,85.8709619053878,85.8329762442226,52.76830253914692,0.0379856611651945,0.1260369923058531,-0.0880513311406585,22.423691410668475,20.25476746386432,86.69374086185513,85.96251029968262,85.2312797375101,0.5073084150041852,-0.0008306404128991,0.3656152810862562,1.0030464759558146,0,2,7
2025-07-03,85.69409942626953,85.697998046875,85.19270324707031,85.69409942626953,0,85.95200538635254,85.5399543762207,85.84375229321577,85.82268907252238,50.09635750569503,0.0210632206933922,0.1050422379833609,-0.0839790172899686,27.298745534601643,25.37647108092053,86.69273804134014,85.95200538635254,85.21127273136494,0.4909297398158482,0.000599000140129,0.3703663274937999,1.0059311981020167,0,3,7
2025-07-04,85.31909942626953,85.5530014038086,85.30729675292969,85.31909942626953,0,85.9240852355957,85.54119033813477,85.76303646753175,85.7853861357629,33.22028486013005,-0.0223496682311576,0.0795638567404572,-0.1019135249716149,6.881698097532609,18.868045014267583,86.71690587415824,85.9240852355957,85.13126459703315,0.4790725708007812,-0.0043760305844936,0.3964103192812723,1.002880230182308,0,4,7
2025-07-07,85.49629974365234,86.03009796142578,85.36100006103516,85.49629974365234,0,85.90963516235351,85.54341827392578,85.72200004847338,85.7639723289399,39.15893623447904,-0.0419722804665241,0.0552566292990609,-0.0972289097655851,16.529450859848797,16.90329816399436,86.72336536619079,85.90963516235351,85.09590495851623,0.4936937604631696,0.0020769126558344,0.4068651019186432,1.0078384496422512,0,0,7
2025-07-08,85.89199829101562,85.89240264892578,85.62799835205078,85.89199829101562,0,85.91643524169922,85.55805221557617,85.7481536242491,85.77345573353811,41.99730199496719,-0.0253021092890151,0.0391448815814457,-0.0644469908704608,38.073440225969925,20.49486306111712,86.72702651047457,85.91643524169922,85.10584397292386,0.4904082162039621,0.004628253486405,0.4052956343876767,1.0030878252670106,0,1,7
2025-07-09,85.7073974609375,85.91590118408203,85.59719848632812,85.7073974609375,0,85.9191650390625,85.5687841796875,85.74188344527809,85.76856252816029,34.23775147300813,-0.0266790828821967,0.0259800886887172,-0.052659171570914,28.02276314696353,27.54188474426076,86.72637876399665,85.9191650390625,85.11195131412836,0.4720012119838169,-0.0021492203435838,0.4036068624670722,1.0037232842124475,0,2,7
2025-07-10,85.70850372314453,85.76529693603516,85.45500183105469,85.70850372314453,0,85.93110008239746,85.59233032226562,85.73674810341139,85.76411372778875,34.62182891488101,-0.0273656243773672,0.0153109460755003,-0.0426765704528675,28.082994101520317,31.393065824817928,86.71711928704424,85.93110008239746,85.14508087775069,0.4733009338378906,1.2907429694619664e-05,0.3930096023233917,1.003631093538491,0,3,7
2025-07-11,85.73480224609375,85.9052963256836,85.65989685058594,85.73480224609375,0,85.93342018127441,85.61309234619141,85.73644874074714,85.76194250692245,35.26343924448216,-0.025493766175316,0.007150003625337,-0.0326437698006531,46.65642318703544,34.254060145173106,86.71669218304132,85.93342018127441,85.15014817950751,0.4567151750837053,0.0003068367992302,0.3916360008834496,1.002864811704428,0,4,7
2025-07-14,85.82129669189453,86.04319763183594,84.55950164794922,85.82129669189453,0,85.91202507019042,85.63899230957031,85.74950227169289,85.76633911321667,42.10658732735948,-0.0168368415237836,0.0023526345955129,-0.0191894761192965,80.49233943971811,51.74391890942463,86.6822467525792,85.91202507019042,85.14180338780164,0.5141007559640067,0.0010088603873197,0.3851108411943933,1.0175461770111165,0,0,7
2025-07-15,85.96839904785156,86.0281982421875,85.7437973022461,85.96839904785156,0,85.90523490905761,85.67394424438477,85.78317869879423,85.78130651578223,51.31033745590816,0.0018721830119972,0.0022565442788097,-0.0003843612668125,90.39497966116627,72.51458076263997,86.67070286546694,85.90523490905761,85.13976695264829,0.502786363874163,0.0017140542222886,0.3827339782046604,1.0033168689618317,0,1,7
2025-07-16,85.99310302734375,86.07129669189453,85.7249984741211,85.99310302734375,0,85.88675498962402,85.69794235229492,85.81547474934031,85.79699514626827,49.72341793108821,0.0184796030720377,0.0055011560374553,0.0129784470345823,94.82776022689424,88.57169310925956,86.62300948168821,85.88675498962402,85.15050049755983,0.4895858764648437,0.000287361167194,0.3681272460320954,1.004039640990813,0,2,7
2025-07-17,85.88520050048828,86.13200378417969,85.79499816894531,85.88520050048828,0,85.85033493041992,85.71930236816407,85.82620178797846,85.8035288762105,55.16435391103604,0.0226729117679553,0.0089355071835553,0.0137374045843999,84.30505892456007,89.84259960420688,86.50245755375906,85.85033493041992,85.19821230708078,0.4684001377650669,-0.0012547811749642,0.3260613116695686,1.0039280333635625,0,3,7
2025-07-18,86.04650115966797,86.22450256347656,85.92539978027344,86.04650115966797,0,85.82346992492675,85.71858840942383,85.8600939990076,85.82152682313328,64.28987666706007,0.03856717587432,0.0148618409217083,0.0237053349526117,89.30923087497422,89.48068334214285,86.38655865288337,85.82346992492675,85.26038119697014,0.443657466343471,0.0018780960891948,0.2815443639783056,1.00348095887791,0,4,7
2025-07-21,86.14859771728516,86.33920288085938,85.64600372314453,86.14859771728516,0,85.80188484191895,85.73339431762696,85.90447918643491,85.84575429677416,61.36506923107617,0.0587248896607519,0.023634450669517,0.0350904389912349,89.29004711298973,87.63477897084135,86.26747474366154,85.80188484191895,85.33629494017636,0.4727145603724888,0.0011865277058475,0.2327949508712943,1.0080937711928235,0,0,7
2025-07-22,86.19529724121094,86.44239807128906,86.04630279541016,86.19529724121094,0,85.79999961853028,85.75798629760742,85.94922042563122,85.87164636673245,64.63566950553559,0.0775740588987758,0.0344223723153688,0.043151686583407,86.8765574667234,88.49194515156246,86.25849068493606,85.79999961853028,85.3415085521245,0.4823995317731585,0.000542081068795,0.2292455332028898,1.0046032805944107,0,1,7
2025-07-23,86.3427963256836,86.45800018310547,86.23049926757812,86.3427963256836,0,85.8218994140625,85.78363616943359,86.00977056410082,85.90654636369179,66.35065074920772,0.1032242004090306,0.0481827379341011,0.0550414624749295,93.93184375502332,90.03281611157882,86.33949909941923,85.8218994140625,85.30429972870577,0.465071541922433,0.0017112196279094,0.2587998426783641,1.0026382882792015,0,2,7
2025-07-24,86.39869689941406,86.44139862060547,86.23580169677734,86.39869689941406,0,85.84152908325196,85.80185806274415,86.06960538491825,85.94300195893047,82.42805351471013,0.1266034259877813,0.0638668755448372,0.062736550442944,96.87630606011896,92.56156909395524,86.41527531776082,85.84152908325196,85.2677828487431,0.4521282741001674,0.0006474260286823,0.2868731172544324,1.0023841249200771,0,3,7
2025-07-25,86.4302978515625,86.62740325927734,86.3844985961914,86.4302978515625,0,85.87972412109374,85.82156600952149,86.12509653363274,85.97909795097728,80.74375059643695,0.1459985826554657,0.0802932169669629,0.0657053656885028,90.46833724413747,93.75882901975994,86.50387453371465,85.87972412109374,85.25557370847284,0.4186929975237165,0.0003657572773954,0.3120752063104512,1.0028119010590246,0,4,7
2025-07-28,86.506103515625,86.72109985351562,86.39959716796875,86.506103515625,0,85.93226432800293,85.84168212890626,86.18371299240079,86.01813540021044,75.60666793917414,0.1655775921903455,0.0973500920116394,0.068227500178706,90.0538251125033,92.46615613891991,86.58235469734977,85.93226432800293,85.28217395865609,0.4133644104003906,0.000877072808342,0.3250451846734238,1.0037211132468806,0,0,7
2025-07-29,86.77760314941406,87.17400360107422,86.72570037841797,86.77760314941406,0,85.98544464111328,85.86979217529297,86.27508070886437,86.07439227052181,91.609515899383,0.2006884383425529,0.1180177612778221,0.0826706770647307,84.83839527500233,88.45351921054771,86.72782023093586,85.98544464111328,85.24306905129069,0.4383070809500558,0.0031385026345571,0.3711877949112922,1.005169208443404,0,1,7
2025-07-30,87.06320190429688,87.78589630126953,86.98619842529297,87.06320190429688,0,86.05646476745605,85.90033416748047,86.39633012354629,86.14763742857923,93.12942982477448,0.2486926949670618,0.14415274801567,0.1045399469513917,77.60055806474497,84.16425948408354,86.92232059323821,86.05646476745605,85.19060894167389,0.4881640842982701,0.0032911574475162,0.4329279128910814,1.0091933880368775,0,2,7
2025-07-31,87.714599609375,87.77639770507812,87.2865982055664,87.714599609375,0,86.15748977661133,85.94262008666992,86.59914081367378,86.26370870123077,95.08551611984072,0.3354321124430157,0.1824086209011392,0.1530234915418765,97.79020549078956,86.7430529435123,87.2790569547331,86.15748977661133,85.03592259848956,0.5215781075613839,0.0074818946561852,0.5607835890608829,1.0056113940694331,0,3,7
2025-08-01,87.4894027709961,87.74120330810547,87.143798828125,87.4894027709961,0,86.26600494384766,85.97291015625,86.73610419172337,86.35450085454673,85.73025408384048,0.3816033371766423,0.2222475641562398,0.1593557730204024,86.14446662863662,87.17841006139041,87.46342932503097,86.26600494384766,85.06858056266435,0.4582715715680803,-0.0025673814779043,0.5987121905916585,1.0068553871648256,0,4,8
2025-08-04,87.24530029296875,87.98999786376953,87.06950378417969,87.24530029296875,0,86.35345497131348,86.01383010864258,86.81444205345343,86.42048599813356,76.25958653930638,0.393956055319876,0.2565892623889671,0.1373667929309088,68.22954640141651,84.05473950694757,87.56951353946891,86.35345497131348,85.13739640315805,0.503706795828683,-0.0027900805159943,0.608029284077717,1.010571945854561,0,0,8
2025-08-05,87.89330291748047,88.07949829101562,87.6729965209961,87.89330291748047,0,86.45352020263672,86.06853210449219,86.98042064791913,86.52958354771482,81.10387064062762,0.4508371002043105,0.2954388299520358,0.1553982702522747,92.34864231901506,82.24088511635608,87.82865434076388,86.45352020263672,85.07838606450957,0.5385567801339286,0.0074273642515496,0.6875670690635735,1.004636567542461,0,1,8
2025-08-06,87.72309875488281,87.84300231933594,87.6238021850586,87.72309875488281,0,86.55430526733399,86.11578414916993,87.09467881822123,86.61799208157912,79.48274216170304,0.4766867366421081,0.3316884112900503,0.1449983253520578,85.3544141483495,81.9775342895937,87.99317902164942,86.55430526733399,85.11543151301855,0.5337350027901786,-0.0019364861365769,0.7194368771577198,1.0025016049156872,0,2,8
2025-08-07,87.76249694824219,87.79180145263672,87.33300018310547,87.76249694824219,0,86.65700492858886,86.16331604003906,87.19742006899368,86.70277021985046,78.64764966463811,0.4946498491432152,0.3642806988606833,0.1303691502825318,86.97341070907912,88.22548905881457,88.13438536003534,86.65700492858886,85.17962449714238,0.5422706604003906,0.0004491199458134,0.7386902157232392,1.0052534696915176,0,3,8
2025-08-08,87.43319702148438,87.73799896240234,87.39430236816406,87.43319702148438,0,86.7419246673584,86.20475402832031,87.23369344629994,86.75687590886038,69.93353711811072,0.4768175374395582,0.3867880665764583,0.0900294708630999,68.21253682057825,80.18012055933563,88.19109071415318,86.7419246673584,85.29275862056363,0.5190560477120536,-0.0037521713511867,0.724583023397384,1.0039327116862882,0,4,8
2025-08-11,87.48829650878906,87.75579833984375,87.46640014648438,87.48829650878906,0,86.82527465820313,86.24403396606445,87.27286314822135,86.81105521255881,70.01171352865327,0.4618079356625344,0.4017920403936735,0.0600158952688608,68.0258467023173,74.40393141065823,88.24290509294204,86.82527465820313,85.40764422346422,0.5138064793178013,0.0006301895525009,0.7088152173694556,1.0033086784510932,0,0,8
2025-08-12,87.66449737548828,87.73989868164062,87.53690338134766,87.66449737548828,0,86.91007957458496,86.29004989624023,87.33311456780088,86.87427315055359,70.27579329781557,0.4588414172472852,0.4132019157643959,0.0456395014828893,77.49082377088186,71.24306909792581,88.31474718582797,86.91007957458496,85.50541196334194,0.5130135672433036,0.0020139935709173,0.7023338056215099,1.002318968257406,0,1,8
2025-08-13,87.59559631347656,87.71700286865234,87.37590026855469,87.59559631347656,0,86.99020423889161,86.32778579711913,87.37349637482791,86.92770449595528,68.28830425172764,0.445791878872626,0.419719908386042,0.026071970486584,71.45120562459772,72.3226253659323,88.35694224484531,86.99020423889161,85.6234662329379,0.5226925441196987,-0.0007859631216112,0.6833690029768563,1.0039038521955057,0,2,8
2025-08-14,87.44999694824219,87.68060302734375,87.38790130615234,87.44999694824219,0,87.0684440612793,86.35870178222656,87.38526569381472,86.96639282575431,65.05621268446548,0.4188728680604043,0.4195505003209144,-0.00067763226051,62.527476520064674,70.48983530518143,88.3450198567822,87.0684440612793,85.79186826577639,0.5262494768415179,-0.0016621767687192,0.6382878977514537,1.0033494536064662,0,3,8
2025-08-15,87.69180297851562,87.70819854736328,87.39689636230469,87.69180297851562,0,87.15070915222168,86.39498779296875,87.4324252760764,87.02012691114403,66.68914623460078,0.4122983649323686,0.4181000732432053,-0.0058017083108367,71.36239398123362,68.44702537529868,88.36029155164219,87.15070915222168,85.94112675280117,0.5255208696637835,0.0027650776296372,0.6047911997102539,1.0035619363846524,0,4,8
2025-08-18,87.51280212402344,87.54039764404297,87.3136978149414,87.51280212402344,0,87.21891937255859,86.4295378112793,87.44479094499134,87.05662137135732,60.62485115241111,0.3881695736340163,0.4121139733213675,-0.0239443996873512,48.16644684963817,60.685439116978834,88.34127655547617,87.21891937255859,86.096562189641,0.5048212323869977,-0.0020412495628131,0.5611785914587899,1.002596383325581,0,0,8
2025-08-19,87.29509735107422,87.37049865722656,86.90910339355469,87.29509735107422,0,87.27390937805175,86.46031982421874,87.42176116131179,87.07428625874377,53.41835644477433,0.3474749025680239,0.3991861591706988,-0.0517112566026748,32.979805222742264,50.83621535120469,88.28760814170109,87.27390937805175,86.26021061440242,0.475921630859375,-0.0024876905740109,0.5068493818246667,1.0053089405557727,0,1,8
2025-08-20,87.0791015625,87.1666030883789,86.9800033569336,87.0791015625,0,87.31072463989258,86.48884582519531,87.36904429995613,87.0746429479109,39.25257279699419,0.2944013520452273,0.3782291977456045,-0.0838278457003772,14.524855611905664,31.890369228095377,88.23123947523275,87.31072463989258,86.39020980455241,0.4474857875279018,-0.0024743175175754,0.4602574176700832,1.0021453175930517,0,2,8
2025-08-21,87.01820373535156,87.32649993896484,86.92410278320312,87.01820373535156,0,87.34169998168946,86.51981384277343,87.3150688284785,87.0704622654991,41.56226689363656,0.2446065629793992,0.3515046707923634,-0.1068981078129642,9.32166929585544,18.94211004350113,88.1700763726322,87.34169998168946,86.51332359074672,0.4335566929408482,-0.000699339176171,0.4141881954713694,1.0046292931750511,0,3,8
2025-08-22,87.29340362548828,87.54810333251953,87.177001953125,87.29340362548828,0,87.38485527038574,86.55191390991212,87.31173572032617,87.08697644031311,50.8518957890271,0.2247592800130604,0.3261555926365029,-0.1013963126234424,32.8350911959115,18.893872034557543,88.09477246058424,87.38485527038574,86.67493808018725,0.4056570870535714,0.0031625554001744,0.3549585950992502,1.004256872467283,0,4,8
2025-08-25,87.3301010131836,87.60800170898438,87.23400115966797,87.3301010131836,0,87.42605514526367,86.5735319519043,87.31456114999655,87.10498566793314,37.26942869362471,0.2095754820634141,0.3028395705218851,-0.093264088458471,45.079569962747534,29.0787768181715,88.004758099491,87.42605514526367,86.84735219103635,0.3727858407156808,0.0004203913030216,0.2893514771136615,1.004287325404596,0,0,8
