"Date ","series ","OPEN ","HIGH ","LOW ","PREV. CLOSE ","ltp ","close ","vwap ","52W H ","52W L ","VOLUME ","VALUE ","No of trades "
"12-Sep-2025","EQ","386.00","399.85","385.30","385.15","399.45","399.30","395.74","436.00","240.25","2,63,56,961","10,43,05,38,016.55","2,64,036"
"11-Sep-2025","EQ","389.60","392.50","384.05","388.05","386.00","385.15","388.02","436.00","240.25","1,90,42,696","7,38,89,17,108.90","1,46,503"
"10-Sep-2025","EQ","373.70","389.00","373.05","371.95","389.00","388.05","383.58","436.00","240.25","2,31,74,318","8,88,92,53,941.15","2,42,957"
"09-Sep-2025","EQ","371.90","374.00","369.90","371.90","373.00","371.95","371.57","436.00","240.25","1,05,98,912","3,93,82,87,318.45","91,749"
"08-Sep-2025","EQ","371.65","374.50","370.85","370.80","372.20","371.90","372.60","436.00","240.25","68,97,641","2,57,00,61,374.65","90,960"
"05-Sep-2025","EQ","374.00","375.50","368.50","372.50","371.70","370.80","371.32","436.00","240.25","73,25,669","2,72,01,96,084.10","73,291"
"04-Sep-2025","EQ","381.50","381.50","372.00","378.70","372.95","372.50","375.59","436.00","240.25","92,88,078","3,48,84,76,065.10","1,09,905"
"03-Sep-2025","EQ","377.75","381.20","377.10","376.60","378.95","378.70","378.72","436.00","240.25","99,19,255","3,75,66,33,664.00","1,03,493"
"02-Sep-2025","EQ","377.30","378.95","373.75","373.90","377.25","376.60","376.43","436.00","240.25","1,21,69,182","4,58,07,94,888.35","2,22,370"
"01-Sep-2025","EQ","369.95","375.25","367.55","369.40","374.20","373.90","372.60","436.00","240.25","88,21,349","3,28,68,23,676.45","1,29,793"
"29-Aug-2025","EQ","362.30","371.00","361.60","363.85","369.40","369.40","368.45","436.00","240.25","1,27,39,664","4,69,39,27,322.75","1,10,187"
"28-Aug-2025","EQ","364.05","367.75","361.20","365.85","363.30","363.85","364.84","436.00","240.25","1,22,18,065","4,45,76,99,585.90","1,19,662"
"26-Aug-2025","EQ","372.00","372.05","364.25","372.05","367.00","365.85","366.51","436.00","240.25","1,57,18,869","5,76,11,59,527.20","1,70,452"
"25-Aug-2025","EQ","377.85","380.05","371.50","374.85","372.30","372.05","373.40","436.00","240.25","85,77,673","3,20,28,73,017.10","1,05,534"
"22-Aug-2025","EQ","373.80","379.95","373.60","374.20","375.15","374.85","377.30","436.00","240.25","1,52,46,732","5,75,26,64,657.35","1,26,864"
"21-Aug-2025","EQ","373.00","377.40","371.50","371.85","374.25","374.20","375.09","436.00","240.25","1,26,80,853","4,75,64,84,243.65","1,75,521"
"20-Aug-2025","EQ","383.90","384.30","371.10","380.05","371.80","371.85","374.91","436.00","240.25","2,02,89,349","7,60,67,56,575.40","2,07,434"
"19-Aug-2025","EQ","382.50","383.70","377.50","382.50","380.50","380.05","379.29","436.00","240.25","1,11,11,204","4,21,43,34,596.50","1,30,715"
"18-Aug-2025","EQ","388.00","389.75","381.10","384.90","382.70","382.50","384.14","436.00","240.25","1,17,78,056","4,52,43,91,926.00","1,30,700"
"14-Aug-2025","EQ","387.85","388.00","382.55","388.85","384.70","384.90","384.41","436.00","240.25","80,46,552","3,09,31,67,671.65","78,833"
"13-Aug-2025","EQ","382.20","389.90","382.10","380.35","388.85","388.85","386.80","436.00","240.25","1,09,30,440","4,22,78,60,970.15","94,008"
"12-Aug-2025","EQ","384.00","385.35","379.55","383.90","380.25","380.35","381.49","436.00","240.25","93,29,093","3,55,89,99,037.40","1,14,871"
"11-Aug-2025","EQ","384.00","388.40","381.55","384.60","383.70","383.90","384.30","436.00","240.25","89,10,936","3,42,44,29,833.80","1,23,840"
"08-Aug-2025","EQ","385.30","387.40","383.60","387.75","384.40","384.60","385.28","436.00","240.25","71,39,111","2,75,05,32,872.75","93,787"
"07-Aug-2025","EQ","386.00","390.30","383.50","389.70","388.25","387.75","386.77","436.00","240.25","1,15,20,396","4,45,56,93,546.55","1,18,056"
"06-Aug-2025","EQ","392.00","393.50","387.10","386.65","389.30","389.70","389.58","436.00","240.25","1,68,52,693","6,56,55,41,644.40","1,87,628"
"05-Aug-2025","EQ","390.00","390.25","383.35","389.55","386.60","386.65","386.05","436.00","240.25","1,34,82,710","5,20,50,67,053.00","1,32,167"
"04-Aug-2025","EQ","379.00","390.25","376.45","377.20","389.90","389.55","386.88","436.00","240.25","1,34,54,379","5,20,52,56,377.90","1,44,805"
"01-Aug-2025","EQ","383.10","383.50","376.20","383.10","377.25","377.20","379.76","436.00","240.25","87,02,605","3,30,49,33,146.85","1,26,934"
"31-Jul-2025","EQ","379.00","388.25","378.80","386.50","383.00","383.10","384.10","436.00","240.25","97,02,316","3,72,66,29,758.40","1,44,347"
"30-Jul-2025","EQ","390.95","392.40","385.00","388.25","385.85","386.50","387.90","436.00","240.25","1,13,35,944","4,39,72,05,766.90","1,18,424"
"29-Jul-2025","EQ","390.00","390.75","378.00","389.25","389.90","388.25","385.12","436.00","240.25","2,53,07,639","9,74,63,80,764.20","2,71,353"
"28-Jul-2025","EQ","395.20","396.35","383.30","395.20","391.00","389.25","388.95","436.00","240.25","1,98,56,033","7,72,30,29,617.70","2,30,057"
"25-Jul-2025","EQ","399.00","400.70","393.50","398.25","395.60","395.20","395.90","436.00","240.25","92,02,508","3,64,33,16,180.20","1,21,123"
"24-Jul-2025","EQ","400.70","401.90","396.00","400.20","398.25","398.25","397.95","436.00","240.25","67,67,566","2,69,31,76,028.85","1,04,913"
"23-Jul-2025","EQ","403.50","404.90","396.60","403.10","400.60","400.20","399.27","436.00","240.25","1,04,13,255","4,15,77,07,424.85","1,14,821"
"22-Jul-2025","EQ","403.00","404.70","399.75","399.95","403.45","403.10","402.40","436.00","240.25","1,24,47,434","5,00,87,95,689.90","1,31,654"
"21-Jul-2025","EQ","394.60","400.95","391.10","394.75","400.70","399.95","397.43","436.00","240.25","1,29,80,473","5,15,88,74,032.65","1,80,486"
"18-Jul-2025","EQ","404.25","406.95","394.15","404.20","394.60","394.75","397.92","436.00","240.25","2,11,72,393","8,42,49,07,718.60","2,40,000"
"17-Jul-2025","EQ","406.15","408.70","403.05","406.15","404.05","404.20","405.43","436.00","240.25","79,22,270","3,21,19,23,469.55","1,08,150"
"16-Jul-2025","EQ","409.40","410.30","405.50","408.95","405.70","406.15","407.63","436.00","240.25","91,73,824","3,73,95,49,393.95","1,03,540"
"15-Jul-2025","EQ","408.50","412.90","407.80","407.30","409.40","408.95","409.75","436.00","240.25","1,19,71,127","4,90,52,28,271.85","1,68,926"
"14-Jul-2025","EQ","405.50","410.35","405.15","409.30","407.50","407.30","407.44","436.00","240.25","1,78,44,425","7,27,05,35,041.30","1,15,458"
"11-Jul-2025","EQ","411.00","413.20","405.10","413.50","409.00","409.30","409.35","436.00","240.25","1,51,86,245","6,21,64,53,005.50","1,88,411"
"10-Jul-2025","EQ","418.45","419.50","410.50","417.65","413.35","413.50","414.52","436.00","240.25","1,79,14,452","7,42,59,05,507.95","1,86,003"
"09-Jul-2025","EQ","423.95","424.00","416.50","422.00","418.50","417.65","419.42","436.00","240.25","1,49,56,297","6,27,29,23,770.15","1,67,745"
"08-Jul-2025","EQ","418.00","423.35","416.25","417.10","422.40","422.00","421.22","436.00","240.25","1,59,70,711","6,72,71,05,873.95","1,65,889"
"07-Jul-2025","EQ","427.45","427.45","416.15","427.55","417.00","417.10","418.84","436.00","240.25","2,22,21,724","9,30,73,07,544.45","2,20,190"
"04-Jul-2025","EQ","430.00","432.40","425.75","426.25","427.50","427.55","429.07","436.00","240.25","1,66,18,426","7,13,04,37,088.90","1,46,579"
"03-Jul-2025","EQ","427.70","430.70","424.05","426.95","426.50","426.25","427.31","436.00","240.25","1,34,99,244","5,76,83,58,615.85","1,36,515"
"02-Jul-2025","EQ","431.05","432.75","422.60","432.25","427.70","426.95","427.05","436.00","240.25","2,28,43,521","9,75,52,27,245.65","1,73,189"
"01-Jul-2025","EQ","424.80","436.00","424.10","421.50","432.90","432.25","432.12","436.00","240.25","3,54,05,785","15,29,96,93,064.15","2,77,929"
"30-Jun-2025","EQ","416.65","423.00","414.25","414.50","422.80","421.50","419.14","426.50","240.25","2,03,50,621","8,52,97,14,274.60","2,00,199"
"27-Jun-2025","EQ","410.50","416.80","409.50","410.10","416.40","414.50","414.17","426.50","240.25","4,13,98,277","17,14,60,83,666.65","1,76,418"
"26-Jun-2025","EQ","408.95","413.90","406.85","406.05","409.50","410.10","409.94","426.50","240.25","2,57,30,795","10,54,80,36,554.10","2,31,793"
"25-Jun-2025","EQ","420.30","420.40","405.00","418.50","406.30","406.05","410.49","426.50","240.25","2,90,28,317","11,91,58,02,211.60","2,71,254"
"24-Jun-2025","EQ","426.40","426.50","415.00","420.90","419.00","418.50","418.70","426.50","240.25","3,38,07,025","14,15,49,74,438.20","2,81,931"
"23-Jun-2025","EQ","411.00","422.40","409.05","408.25","421.40","420.90","417.43","422.40","240.25","4,30,17,721","17,95,70,40,650.90","3,43,393"
"20-Jun-2025","EQ","399.00","410.00","397.75","398.55","407.05","408.25","407.51","410.00","240.25","12,25,52,435","49,94,13,67,255.35","2,58,048"
"19-Jun-2025","EQ","401.00","403.80","393.45","400.50","397.50","398.55","399.11","407.50","240.25","1,82,20,823","7,27,20,72,740.70","1,75,815"
"18-Jun-2025","EQ","401.65","405.00","398.50","401.75","400.30","400.50","401.53","407.50","240.25","1,88,79,759","7,58,08,04,011.65","1,48,087"
"17-Jun-2025","EQ","405.80","407.50","400.50","403.85","401.65","401.75","403.80","407.50","240.25","2,43,71,681","9,84,12,25,762.25","1,82,268"
"16-Jun-2025","EQ","396.15","404.50","394.20","394.20","404.00","403.85","400.07","404.50","240.25","3,20,61,745","12,82,69,04,443.30","2,37,809"
"13-Jun-2025","EQ","379.65","397.75","379.50","387.40","395.15","394.20","393.17","401.85","240.25","3,55,64,550","13,98,29,59,482.15","2,34,385"
"12-Jun-2025","EQ","392.80","395.75","385.60","392.90","386.50","387.40","390.32","401.85","240.25","1,55,55,771","6,07,17,93,986.00","1,39,672"
"11-Jun-2025","EQ","398.25","398.25","390.60","397.40","392.25","392.90","394.61","401.85","240.25","1,80,42,738","7,11,99,22,517.65","1,39,374"
"10-Jun-2025","EQ","396.50","401.85","394.70","392.45","397.30","397.40","398.23","401.85","240.25","2,64,56,073","10,53,56,39,375.20","1,85,870"
"09-Jun-2025","EQ","394.00","395.30","391.80","390.70","392.15","392.45","393.17","396.85","240.25","1,37,44,521","5,40,39,93,993.15","1,24,733"
"06-Jun-2025","EQ","394.85","396.85","389.20","393.50","390.90","390.70","391.49","396.85","230.00","1,73,66,507","6,79,87,78,816.55","1,23,148"
"05-Jun-2025","EQ","393.70","394.70","389.50","390.60","394.10","393.50","391.88","394.70","230.00","2,07,46,844","8,13,02,66,022.85","1,44,121"
"04-Jun-2025","EQ","387.00","391.30","384.10","386.00","390.95","390.60","387.93","393.50","230.00","2,06,48,850","8,01,02,78,419.10","1,48,244"
"03-Jun-2025","EQ","387.50","391.80","385.50","387.50","385.90","386.00","387.70","393.50","230.00","1,86,30,318","7,22,28,95,017.30","1,29,954"
"02-Jun-2025","EQ","385.00","389.25","383.75","384.60","387.80","387.50","387.09","393.50","230.00","1,19,43,152","4,62,30,19,230.60","1,13,485"
"30-May-2025","EQ","386.80","390.00","383.65","386.80","385.20","384.60","385.88","393.50","230.00","2,31,44,580","8,93,10,65,659.95","1,23,088"
"29-May-2025","EQ","391.55","392.10","385.55","390.45","387.30","386.80","387.49","393.50","230.00","1,85,62,683","7,19,28,01,127.70","1,50,963"
"28-May-2025","EQ","385.45","393.50","384.10","385.40","390.30","390.45","389.84","393.50","230.00","2,75,49,144","10,73,97,34,614.80","1,81,884"
"27-May-2025","EQ","384.50","388.80","383.45","384.55","385.45","385.40","386.36","389.90","230.00","1,68,59,142","6,51,37,21,839.00","1,41,877"
"26-May-2025","EQ","384.90","385.80","378.50","383.80","384.70","384.55","383.24","389.90","230.00","2,67,22,908","10,24,12,76,808.35","2,22,619"
"23-May-2025","EQ","389.15","389.90","381.10","383.40","383.35","383.80","385.36","389.90","230.00","3,76,66,187","14,51,49,65,709.75","3,20,280"
"22-May-2025","EQ","383.00","386.75","379.00","383.00","383.50","383.40","383.03","386.75","230.00","4,34,86,783","16,65,67,83,211.45","3,45,063"
"21-May-2025","EQ","366.90","383.90","364.00","363.80","382.95","383.00","377.06","383.90","230.00","8,86,88,170","33,44,05,78,483.65","7,10,668"
"20-May-2025","EQ","369.40","371.00","358.50","363.75","364.50","363.80","365.31","373.50","230.00","6,70,88,831","24,50,80,64,596.50","3,92,538"
"19-May-2025","EQ","372.90","373.50","362.55","363.90","363.00","363.75","367.27","373.50","230.00","5,20,03,735","19,09,93,86,167.75","3,99,788"
"16-May-2025","EQ","351.60","371.15","349.60","350.40","363.80","363.90","362.87","371.15","221.00","6,88,55,818","24,98,54,16,033.65","6,73,858"
"15-May-2025","EQ","346.50","351.00","340.80","344.35","350.00","350.40","346.74","351.00","221.00","3,59,59,338","12,46,84,71,429.75","2,59,856"
"14-May-2025","EQ","339.00","346.00","334.50","335.75","344.50","344.35","341.89","346.00","221.00","4,36,84,324","14,93,54,11,262.75","3,12,261"
"13-May-2025","EQ","323.70","337.75","322.80","322.80","335.90","335.75","334.18","340.50","221.00","5,79,85,762","19,37,75,55,971.65","6,28,573"
"12-May-2025","EQ","325.00","325.00","316.20","315.85","322.20","322.80","320.63","340.50","221.00","3,99,27,141","12,80,18,17,273.75","5,02,870"
"09-May-2025","EQ","305.00","321.80","305.00","307.15","316.15","315.85","316.25","340.50","221.00","4,42,44,945","13,99,25,22,066.45","4,43,942"
"08-May-2025","EQ","310.50","313.70","304.80","309.95","304.90","307.15","309.63","340.50","221.00","1,71,10,997","5,29,79,95,118.10","1,16,453"
"07-May-2025","EQ","305.00","315.20","305.00","310.50","310.10","309.95","310.40","340.50","221.00","1,92,74,367","5,98,27,20,437.50","1,26,765"
"06-May-2025","EQ","315.65","319.30","309.20","315.30","309.50","310.50","313.42","340.50","221.00","1,70,29,890","5,33,74,49,948.05","1,23,408"
"05-May-2025","EQ","313.95","316.90","313.20","311.35","315.65","315.30","315.16","340.50","221.00","1,09,55,763","3,45,28,52,218.60","85,400"
"02-May-2025","EQ","310.80","317.75","310.60","314.10","311.00","311.35","313.95","340.50","221.00","1,89,79,609","5,95,85,58,208.15","1,47,507"
"30-Apr-2025","EQ","319.00","320.45","312.60","317.10","312.95","314.10","315.35","340.50","221.00","2,48,63,436","7,84,07,13,500.85","2,08,936"
"29-Apr-2025","EQ","306.55","319.45","305.80","305.05","317.15","317.10","315.97","340.50","221.00","5,78,83,471","18,28,95,31,907.85","3,75,574"
"28-Apr-2025","EQ","296.00","307.85","295.85","297.60","305.30","305.05","305.13","340.50","221.00","2,99,13,417","9,12,73,48,948.05","1,85,562"
"25-Apr-2025","EQ","306.80","307.80","293.70","305.70","297.00","297.60","298.57","340.50","221.00","2,03,07,004","6,06,31,17,613.60","1,45,183"
"24-Apr-2025","EQ","305.00","308.60","303.45","305.85","305.45","305.70","305.61","340.50","221.00","1,72,41,517","5,26,91,13,310.70","1,08,129"
"23-Apr-2025","EQ","305.60","310.30","301.80","303.35","305.60","305.85","306.09","340.50","221.00","2,19,18,666","6,70,91,56,902.35","1,69,771"
"22-Apr-2025","EQ","301.00","304.75","299.75","299.95","303.50","303.35","303.19","340.50","221.00","1,19,62,358","3,62,68,78,810.90","1,03,710"
"21-Apr-2025","EQ","297.50","301.60","295.15","295.15","300.20","299.95","299.62","340.50","221.00","1,40,64,356","4,21,39,16,215.10","1,21,862"
"17-Apr-2025","EQ","293.00","296.60","291.15","293.60","294.55","295.15","294.53","340.50","221.00","1,36,09,937","4,00,85,39,165.10","1,20,621"
"16-Apr-2025","EQ","293.50","295.35","291.30","293.70","294.10","293.60","293.25","340.50","221.00","1,24,79,078","3,65,94,36,169.30","1,15,326"
"15-Apr-2025","EQ","289.90","294.15","287.55","285.00","293.60","293.70","292.21","340.50","221.00","1,95,12,440","5,70,17,92,560.45","1,73,583"
"11-Apr-2025","EQ","283.00","287.00","282.65","280.15","285.30","285.00","285.23","340.50","221.00","1,38,83,110","3,95,99,22,286.15","1,21,027"
"09-Apr-2025","EQ","281.00","282.80","276.60","281.45","281.00","280.15","279.80","340.50","221.00","1,13,89,916","3,18,69,21,679.85","1,02,082"
"08-Apr-2025","EQ","282.45","288.00","276.60","272.10","282.15","281.45","281.62","340.50","221.00","2,67,87,606","7,54,40,49,255.15","2,14,793"
"07-Apr-2025","EQ","257.00","274.50","256.20","280.00","274.00","272.10","268.89","340.50","221.00","2,49,54,083","6,70,97,83,111.10","2,08,401"
"04-Apr-2025","EQ","287.10","288.00","278.30","287.50","280.50","280.00","282.03","340.50","203.75","1,96,99,594","5,55,59,08,347.00","1,60,549"
"03-Apr-2025","EQ","283.00","288.25","282.60","282.40","287.50","287.50","286.00","340.50","203.75","2,09,68,721","5,99,71,06,682.00","1,79,031"
"02-Apr-2025","EQ","289.90","290.75","274.45","292.00","282.45","282.40","279.81","340.50","203.75","5,26,53,587","14,73,27,49,736.95","3,88,113"
"01-Apr-2025","EQ","302.00","305.80","290.00","301.32","290.90","292.00","298.17","340.50","203.75","3,31,71,384","9,89,06,02,879.20","2,66,366"
"28-Mar-2025","EQ","304.00","306.58","299.07","300.65","301.33","301.32","303.02","340.50","195.95","2,08,50,848","6,31,82,05,524.72","1,39,398"
"27-Mar-2025","EQ","297.00","302.00","296.63","299.54","301.80","300.65","300.35","340.50","195.95","1,44,53,677","4,34,11,64,419.93","1,20,151"
"26-Mar-2025","EQ","301.07","305.50","298.49","300.03","299.25","299.54","301.83","340.50","195.95","2,38,69,923","7,20,46,46,106.26","1,62,602"
"25-Mar-2025","EQ","304.00","304.50","298.65","302.10","299.30","300.03","300.90","340.50","195.95","1,93,64,944","5,82,69,22,223.89","1,69,170"
"24-Mar-2025","EQ","296.90","304.90","296.35","295.74","302.95","302.10","302.22","340.50","195.95","2,99,35,092","9,04,69,34,210.70","1,65,187"
"21-Mar-2025","EQ","301.00","301.00","292.75","297.05","296.00","295.74","296.44","340.50","182.50","4,17,51,586","12,37,70,14,011.18","2,20,702"
"20-Mar-2025","EQ","294.81","297.78","291.10","290.00","296.70","297.05","295.04","340.50","182.50","2,78,89,890","8,22,85,24,940.25","1,67,953"
"19-Mar-2025","EQ","286.00","292.99","284.76","285.31","289.98","290.00","289.20","340.50","182.50","2,10,98,065","6,10,16,45,603.61","1,88,934"
"18-Mar-2025","EQ","282.00","286.00","280.31","279.93","285.60","285.31","283.20","340.50","182.50","1,52,90,505","4,33,03,26,861.58","1,12,138"
"17-Mar-2025","EQ","281.00","283.38","276.72","280.07","279.90","279.93","279.54","340.50","182.50","1,38,83,682","3,88,11,05,749.10","1,31,397"
"13-Mar-2025","EQ","283.00","285.80","279.42","276.83","280.10","280.07","282.52","340.50","179.10","3,80,15,489","10,74,00,37,748.40","2,42,972"
"12-Mar-2025","EQ","278.78","280.40","274.12","277.18","276.50","276.83","277.22","340.50","179.10","1,53,08,721","4,24,38,76,446.08","1,37,876"
"11-Mar-2025","EQ","271.95","278.50","269.05","272.33","277.58","277.18","274.90","340.50","179.10","2,09,80,143","5,76,74,26,862.60","1,50,205"
"10-Mar-2025","EQ","278.60","283.47","271.55","276.99","272.29","272.33","278.05","340.50","179.10","2,09,86,855","5,83,54,87,724.85","1,62,153"
"07-Mar-2025","EQ","275.80","279.73","274.00","272.95","276.20","276.99","277.54","340.50","179.10","2,55,42,382","7,08,89,98,466.40","1,83,737"
"06-Mar-2025","EQ","276.21","281.00","271.83","274.92","272.50","272.95","274.51","340.50","179.10","2,25,86,087","6,20,00,83,338.86","1,98,864"
"05-Mar-2025","EQ","265.00","275.80","263.33","264.71","274.35","274.92","271.04","340.50","179.10","2,84,99,877","7,72,44,91,505.57","2,20,341"
"04-Mar-2025","EQ","253.89","266.50","252.50","257.39","264.60","264.71","263.31","340.50","179.10","2,49,98,454","6,58,24,29,399.35","1,98,471"
"03-Mar-2025","EQ","247.50","258.90","244.36","246.25","257.50","257.39","252.68","340.50","179.10","2,46,44,079","6,22,71,27,361.45","1,87,276"
"28-Feb-2025","EQ","250.00","250.95","243.50","252.45","247.25","246.25","246.60","340.50","179.10","1,77,54,591","4,37,83,41,842.55","1,48,251"
"27-Feb-2025","EQ","257.10","258.40","251.90","256.65","252.00","252.45","254.13","340.50","179.10","1,10,87,404","2,81,76,72,740.00","1,08,069"
"25-Feb-2025","EQ","256.35","258.55","255.35","256.35","256.10","256.65","257.35","340.50","179.10","1,47,70,656","3,80,11,85,536.50","1,04,286"
"24-Feb-2025","EQ","251.00","258.45","250.50","256.10","256.60","256.35","255.23","340.50","179.10","1,54,09,569","3,93,29,30,983.95","1,29,465"
"21-Feb-2025","EQ","259.50","262.50","254.40","260.25","255.00","256.10","257.51","340.50","179.10","1,65,94,628","4,27,32,84,833.05","1,31,323"
"20-Feb-2025","EQ","252.00","260.95","250.25","253.40","260.15","260.25","257.74","340.50","179.10","1,89,22,988","4,87,72,35,461.95","1,29,451"
"19-Feb-2025","EQ","240.70","254.00","240.25","244.60","253.25","253.40","250.98","340.50","179.10","2,15,16,255","5,40,00,86,856.70","1,59,897"
"18-Feb-2025","EQ","249.00","249.75","240.55","248.50","243.80","244.60","243.67","340.50","179.10","2,11,80,375","5,16,09,52,496.50","1,84,568"
"17-Feb-2025","EQ","248.95","250.00","242.60","250.35","249.65","248.50","246.74","340.50","179.10","2,49,47,159","6,15,54,61,324.30","1,77,073"
"14-Feb-2025","EQ","262.20","264.50","248.20","261.55","250.00","250.35","253.18","340.50","171.75","2,56,83,310","6,50,24,98,791.30","2,31,849"
"13-Feb-2025","EQ","259.15","265.50","258.60","259.15","261.15","261.55","262.87","340.50","171.75","1,80,16,813","4,73,60,73,911.15","1,45,058"
"12-Feb-2025","EQ","264.95","265.75","254.00","265.05","259.40","259.15","258.88","340.50","171.75","2,79,97,028","7,24,78,11,286.10","2,36,424"
"11-Feb-2025","EQ","273.80","274.00","262.75","273.45","264.45","265.05","266.65","340.50","171.75","2,38,39,025","6,35,67,06,477.00","2,14,280"
"10-Feb-2025","EQ","278.90","282.20","272.00","277.05","273.90","273.45","276.54","340.50","171.75","2,17,89,085","6,02,54,73,304.65","1,83,366"
"07-Feb-2025","EQ","280.75","282.30","273.10","279.75","277.30","277.05","276.79","340.50","171.75","2,66,82,639","7,38,56,02,990.95","2,02,399"
"06-Feb-2025","EQ","288.95","289.95","279.00","288.95","280.05","279.75","283.64","340.50","171.75","1,68,34,939","4,77,50,79,213.10","1,63,338"
"05-Feb-2025","EQ","285.65","291.80","285.00","284.50","288.75","288.95","289.71","340.50","171.75","1,88,18,511","5,45,18,97,090.20","1,90,973"
"04-Feb-2025","EQ","276.00","286.00","275.90","274.15","284.25","284.50","282.46","340.50","171.75","2,90,35,155","8,20,11,27,986.10","2,02,132"
"03-Feb-2025","EQ","277.85","277.85","263.30","281.80","273.80","274.15","269.28","340.50","171.75","4,17,86,023","11,25,21,95,366.30","3,76,401"
"01-Feb-2025","EQ","295.95","299.60","269.30","292.65","280.65","281.80","286.38","340.50","171.75","6,18,32,253","17,70,77,72,240.10","4,39,222"
"31-Jan-2025","EQ","283.90","294.20","281.60","278.75","294.00","292.65","289.17","340.50","171.75","5,02,52,116","14,53,12,36,999.00","3,61,876"
"30-Jan-2025","EQ","268.85","280.50","267.90","267.20","280.20","278.75","274.52","340.50","171.75","4,67,35,932","12,82,98,52,213.50","2,44,650"
"29-Jan-2025","EQ","259.00","268.00","259.00","258.25","267.85","267.20","265.70","340.50","171.75","1,43,61,301","3,81,57,38,882.80","1,12,248"
"28-Jan-2025","EQ","263.50","265.70","252.70","262.95","258.50","258.25","257.89","340.50","171.75","2,90,49,716","7,49,17,59,801.80","2,04,673"
"27-Jan-2025","EQ","267.00","267.00","261.80","270.15","262.85","262.95","263.90","340.50","171.75","1,37,10,859","3,61,82,98,584.30","1,35,027"
"24-Jan-2025","EQ","273.95","276.70","268.80","273.95","270.30","270.15","272.52","340.50","171.75","1,01,64,897","2,77,01,29,437.45","84,378"
"23-Jan-2025","EQ","268.80","276.95","267.10","270.35","274.60","273.95","273.94","340.50","171.75","1,19,78,782","3,28,15,13,204.95","1,24,253"
"22-Jan-2025","EQ","279.00","279.30","266.30","279.00","270.60","270.35","269.93","340.50","171.75","2,12,72,549","5,74,21,43,459.35","1,87,494"
"21-Jan-2025","EQ","285.80","286.90","278.25","285.80","279.00","279.00","281.91","340.50","171.75","1,30,20,489","3,67,06,19,526.50","1,18,518"
"20-Jan-2025","EQ","283.20","287.80","280.70","282.15","285.35","285.80","285.24","340.50","171.75","1,04,83,849","2,99,04,59,468.65","1,10,964"
"17-Jan-2025","EQ","275.45","283.90","274.05","276.15","281.95","282.15","280.57","340.50","171.75","1,27,41,720","3,57,49,13,263.00","1,16,100"
"16-Jan-2025","EQ","273.40","278.05","271.40","267.85","277.50","276.15","275.60","340.50","171.75","1,72,34,302","4,74,97,60,161.85","1,42,418"
"15-Jan-2025","EQ","272.00","272.20","266.30","269.90","268.00","267.85","269.11","340.50","171.75","1,13,76,064","3,06,14,03,206.55","1,10,855"
"14-Jan-2025","EQ","263.00","271.00","261.20","259.60","270.55","269.90","265.92","340.50","171.75","1,89,38,129","5,03,61,04,468.30","1,69,064"
"13-Jan-2025","EQ","265.00","268.90","258.30","271.00","259.15","259.60","263.58","340.50","171.75","1,94,29,753","5,12,12,20,560.70","1,71,312"
"10-Jan-2025","EQ","280.00","281.00","270.00","281.25","270.80","271.00","273.89","340.50","171.75","1,53,17,565","4,19,53,46,251.85","2,29,023"
"09-Jan-2025","EQ","281.25","284.10","279.60","282.10","281.45","281.25","282.13","340.50","171.75","1,27,15,512","3,58,73,83,353.55","1,45,298"
"08-Jan-2025","EQ","287.00","287.00","280.10","287.00","282.00","282.10","282.19","340.50","171.75","1,09,96,122","3,10,29,61,869.90","1,31,873"
"07-Jan-2025","EQ","282.15","288.20","281.05","282.15","286.40","287.00","285.57","340.50","171.75","1,32,47,733","3,78,31,47,507.00","1,19,709"
"06-Jan-2025","EQ","292.55","292.55","280.55","291.95","282.00","282.15","285.10","340.50","171.75","1,26,38,091","3,60,31,20,922.25","1,29,239"
"03-Jan-2025","EQ","296.50","297.25","291.50","296.80","291.95","291.95","294.36","340.50","171.75","81,67,968","2,40,43,49,652.25","78,939"
"02-Jan-2025","EQ","294.45","297.80","291.35","293.90","296.30","296.80","295.01","340.50","171.75","1,33,61,957","3,94,19,28,990.40","1,08,260"
"01-Jan-2025","EQ","293.15","294.60","290.25","293.15","294.00","293.90","292.88","340.50","171.75","69,54,271","2,03,67,99,924.20","68,363"
"31-Dec-2024","EQ","284.50","294.00","284.25","284.90","293.00","293.15","291.04","340.50","171.75","1,57,25,947","4,57,69,40,403.60","1,46,510"
"30-Dec-2024","EQ","292.05","292.50","282.85","292.05","286.20","284.90","286.65","340.50","171.75","2,58,76,258","7,41,74,05,159.15","1,52,615"
"27-Dec-2024","EQ","295.85","296.15","291.35","295.20","292.20","292.05","293.23","340.50","171.75","94,95,184","2,78,42,56,049.90","78,558"
"26-Dec-2024","EQ","293.00","296.00","292.50","292.45","295.85","295.20","294.19","340.50","171.75","91,72,485","2,69,84,11,499.20","1,10,384"
"24-Dec-2024","EQ","296.25","297.35","291.50","294.35","292.65","292.45","294.08","340.50","171.75","1,06,85,518","3,14,23,62,787.20","86,298"
"23-Dec-2024","EQ","294.00","295.30","288.00","290.85","294.10","294.35","292.15","340.50","171.75","1,02,01,072","2,98,02,47,923.25","99,783"
"20-Dec-2024","EQ","298.00","302.10","289.35","298.50","290.35","290.85","295.71","340.50","164.05","1,49,64,677","4,42,51,82,605.90","1,21,867"
"19-Dec-2024","EQ","295.00","300.45","295.00","303.80","298.20","298.50","298.41","340.50","164.05","1,33,49,532","3,98,36,29,329.10","1,23,301"
"18-Dec-2024","EQ","310.20","310.60","301.65","310.60","304.55","303.80","304.73","340.50","164.05","1,65,98,070","5,05,78,94,328.30","1,47,444"
"17-Dec-2024","EQ","315.55","318.65","310.00","316.20","310.20","310.60","314.23","340.50","164.05","1,80,53,073","5,67,28,61,876.55","1,21,731"
"16-Dec-2024","EQ","315.80","317.35","314.00","315.65","316.00","316.20","315.51","340.50","164.05","1,05,43,307","3,32,65,35,140.30","92,085"
"13-Dec-2024","EQ","313.00","316.35","308.15","312.95","315.80","315.65","312.87","340.50","159.15","1,55,57,064","4,86,74,02,527.15","1,45,458"
"12-Dec-2024","EQ","313.55","316.00","312.10","314.10","312.10","312.95","313.92","340.50","159.15","1,09,78,075","3,44,62,42,650.75","1,47,129"
"11-Dec-2024","EQ","314.90","316.50","313.00","314.85","313.85","314.10","314.71","340.50","159.15","92,81,006","2,92,08,68,764.15","1,39,038"
"10-Dec-2024","EQ","317.55","318.30","314.00","314.60","314.80","314.85","315.33","340.50","159.15","1,58,11,501","4,98,58,03,981.55","1,27,130"
"09-Dec-2024","EQ","313.60","317.10","313.25","313.75","314.45","314.60","315.14","340.50","159.15","1,18,30,104","3,72,81,24,691.45","1,21,599"
"06-Dec-2024","EQ","314.50","315.85","313.10","314.50","313.70","313.75","314.15","340.50","149.95","83,59,798","2,62,62,13,855.80","1,06,140"
"05-Dec-2024","EQ","314.00","315.40","310.60","312.85","314.10","314.50","313.42","340.50","149.95","1,79,11,694","5,61,38,20,932.20","1,57,060"
"04-Dec-2024","EQ","316.00","320.85","311.20","312.10","312.90","312.85","315.23","340.50","149.95","4,14,41,172","13,06,33,13,101.40","2,41,451"
"03-Dec-2024","EQ","309.00","312.75","307.80","306.90","312.00","312.10","310.54","340.50","149.95","2,14,05,136","6,64,72,15,087.25","1,85,559"
"02-Dec-2024","EQ","307.80","309.40","303.30","308.00","306.80","306.90","306.03","340.50","149.95","1,55,49,685","4,75,87,33,632.95","2,22,943"
"29-Nov-2024","EQ","305.70","310.60","305.00","305.75","307.65","308.00","308.48","340.50","140.40","2,32,41,947","7,16,97,17,630.50","2,02,363"
"28-Nov-2024","EQ","308.00","309.50","304.35","307.35","305.80","305.75","306.70","340.50","140.40","2,77,72,319","8,51,76,97,445.05","3,20,545"
"27-Nov-2024","EQ","298.85","307.95","297.45","297.90","307.05","307.35","305.26","340.50","140.40","3,94,64,505","12,04,68,25,960.60","2,72,286"
"26-Nov-2024","EQ","294.00","301.00","293.15","292.35","297.80","297.90","298.52","340.50","140.40","2,73,47,402","8,16,37,54,192.25","1,89,211"
"25-Nov-2024","EQ","290.00","299.00","287.95","280.85","293.00","292.35","294.18","340.50","140.40","4,93,66,681","14,52,26,78,985.55","4,12,595"
"22-Nov-2024","EQ","276.00","283.50","275.50","275.45","281.05","280.85","280.19","340.50","137.35","1,32,68,900","3,71,78,51,235.65","98,372"
"21-Nov-2024","EQ","278.45","278.45","270.25","279.00","275.05","275.45","274.32","340.50","137.35","1,48,58,108","4,07,58,99,404.95","1,58,061"
"19-Nov-2024","EQ","280.00","285.20","277.00","278.05","277.50","279.00","281.53","340.50","137.35","1,31,60,982","3,70,52,14,787.90","1,09,991"
"18-Nov-2024","EQ","283.00","286.70","277.25","280.95","278.20","278.05","280.87","340.50","137.35","1,30,00,137","3,65,12,86,626.30","1,34,036"
"14-Nov-2024","EQ","282.00","284.45","275.50","281.55","281.25","280.95","280.75","340.50","137.35","2,05,41,591","5,76,71,24,174.65","1,75,458"
"13-Nov-2024","EQ","288.00","288.85","279.45","290.15","282.00","281.55","282.92","340.50","137.35","2,00,01,842","5,65,88,46,385.65","1,99,498"
"12-Nov-2024","EQ","300.00","300.85","287.30","299.75","289.30","290.15","294.68","340.50","137.35","1,42,92,965","4,21,18,87,204.70","1,42,938"
"11-Nov-2024","EQ","297.50","303.80","294.40","297.75","299.45","299.75","299.92","340.50","137.35","2,01,55,408","6,04,50,00,821.85","2,77,310"
"08-Nov-2024","EQ","300.35","304.50","295.75","300.35","297.00","297.75","299.93","340.50","136.00","2,29,35,845","6,87,92,06,966.65","1,98,509"
"07-Nov-2024","EQ","301.00","302.00","296.10","301.85","299.95","300.35","299.30","340.50","136.00","2,43,57,430","7,29,02,84,094.65","2,44,075"
"06-Nov-2024","EQ","287.50","304.30","287.20","286.35","301.60","301.85","298.10","340.50","136.00","5,28,04,364","15,74,11,78,333.80","3,82,163"
"05-Nov-2024","EQ","282.50","287.20","277.15","284.15","285.65","286.35","282.40","340.50","136.00","1,87,61,867","5,29,84,44,272.15","1,62,147"
"04-Nov-2024","EQ","289.00","289.00","280.30","288.65","284.05","284.15","283.92","340.50","136.00","1,51,57,659","4,30,35,03,218.80","1,46,158"
"01-Nov-2024","EQ","286.65","290.25","286.00","284.90","288.60","288.65","288.74","340.50","130.75","52,65,231","1,52,02,70,856.95","78,337"
"31-Oct-2024","EQ","287.95","288.45","283.75","288.55","285.15","284.90","285.60","340.50","130.75","1,87,20,310","5,34,66,01,728.40","1,71,631"
"30-Oct-2024","EQ","283.45","294.75","282.05","283.65","287.95","288.55","290.70","340.50","130.75","4,07,87,587","11,85,71,12,797.35","2,55,542"
"29-Oct-2024","EQ","271.20","284.50","270.85","270.05","283.25","283.65","277.55","340.50","130.75","3,42,71,117","9,51,20,81,880.65","2,62,371"
"28-Oct-2024","EQ","276.70","277.95","267.40","272.35","269.85","270.05","270.60","340.50","130.75","2,44,79,817","6,62,42,17,569.30","2,04,540"
"25-Oct-2024","EQ","271.00","276.00","257.45","271.35","275.55","272.35","267.26","340.50","127.00","4,04,06,841","10,79,93,30,476.90","2,82,604"
"24-Oct-2024","EQ","269.00","273.15","268.35","268.65","271.60","271.35","271.03","340.50","127.00","1,07,00,271","2,90,00,88,769.35","91,455"
"23-Oct-2024","EQ","271.00","274.70","266.30","271.65","268.95","268.65","270.26","340.50","127.00","1,35,03,954","3,64,95,27,626.75","1,36,043"
"22-Oct-2024","EQ","282.00","282.15","270.65","282.30","271.60","271.65","275.43","340.50","127.00","1,52,40,897","4,19,77,24,770.55","1,50,480"
"21-Oct-2024","EQ","286.30","287.45","281.10","287.15","281.60","282.30","284.04","340.50","127.00","83,93,942","2,38,42,09,722.30","86,534"
"18-Oct-2024","EQ","282.90","287.80","277.80","284.55","287.00","287.15","284.34","340.50","127.00","1,00,95,514","2,87,05,79,392.80","94,110"
"17-Oct-2024","EQ","286.05","287.90","281.70","285.70","284.50","284.55","284.97","340.50","127.00","1,16,95,551","3,33,28,92,105.60","1,19,417"
"16-Oct-2024","EQ","288.15","291.05","284.75","288.85","285.65","285.70","287.02","340.50","127.00","1,18,35,439","3,39,70,00,771.35","1,18,259"
"15-Oct-2024","EQ","287.15","289.45","285.75","285.70","288.70","288.85","288.13","340.50","127.00","1,47,01,531","4,23,58,94,280.80","1,29,821"
"14-Oct-2024","EQ","286.10","289.20","284.65","285.90","285.60","285.70","286.77","340.50","127.00","1,13,86,559","3,26,53,70,800.70","1,12,797"
"11-Oct-2024","EQ","287.20","288.65","284.15","286.90","285.25","285.90","286.24","340.50","127.00","96,77,338","2,77,00,67,922.90","97,555"
"10-Oct-2024","EQ","283.95","289.60","283.40","282.40","286.90","286.90","286.98","340.50","127.00","1,91,55,691","5,49,72,26,134.85","1,65,859"
"09-Oct-2024","EQ","282.00","286.60","278.50","280.25","282.60","282.40","282.82","340.50","127.00","1,89,84,175","5,36,90,23,738.45","1,75,927"
"08-Oct-2024","EQ","267.00","281.50","265.55","267.35","281.50","280.25","275.06","340.50","127.00","2,91,90,708","8,02,92,27,634.25","2,33,418"
"07-Oct-2024","EQ","277.40","278.90","265.00","277.20","267.40","267.35","269.31","340.50","127.00","2,17,04,629","5,84,53,56,472.95","2,40,837"
"04-Oct-2024","EQ","278.70","281.90","273.55","278.70","277.40","277.20","278.23","340.50","127.00","1,74,51,235","4,85,54,58,363.60","1,56,166"
"03-Oct-2024","EQ","275.05","286.30","275.05","283.95","278.80","278.70","280.65","340.50","127.00","2,73,21,529","7,66,78,03,017.50","2,39,354"
"01-Oct-2024","EQ","285.10","286.60","282.55","285.10","284.00","283.95","284.55","340.50","127.00","1,38,83,476","3,95,05,04,883.90","1,41,159"
"30-Sep-2024","EQ","293.45","294.60","283.60","293.45","284.40","285.10","286.92","340.50","127.00","3,26,95,169","9,38,07,92,758.45","2,77,838"
"27-Sep-2024","EQ","292.35","294.85","289.20","290.50","291.95","293.45","293.17","340.50","127.00","20,85,88,855","61,15,26,30,021.55","3,35,221"
"26-Sep-2024","EQ","290.60","291.90","289.05","289.85","290.40","290.50","290.27","340.50","127.00","1,83,43,882","5,32,46,09,068.65","1,56,566"
"25-Sep-2024","EQ","294.00","295.00","287.65","291.80","289.75","289.85","291.01","340.50","127.00","1,92,63,084","5,60,56,65,283.10","2,24,188"
"24-Sep-2024","EQ","286.30","293.40","284.55","286.30","292.90","291.80","289.47","340.50","127.00","2,53,46,532","7,33,70,15,083.50","3,04,302"
"23-Sep-2024","EQ","280.00","286.70","278.65","277.35","286.50","286.30","283.71","340.50","127.00","1,94,45,968","5,51,71,03,114.45","1,65,132"
"20-Sep-2024","EQ","274.00","279.40","272.85","272.70","277.70","277.35","276.68","340.50","127.00","3,85,01,362","10,65,24,41,297.45","2,35,297"
"19-Sep-2024","EQ","284.00","284.85","267.10","282.85","274.00","272.70","272.57","340.50","127.00","4,45,60,220","12,14,58,00,771.85","3,71,919"
"18-Sep-2024","EQ","284.90","286.00","280.40","284.30","282.60","282.85","283.03","340.50","127.00","1,04,50,571","2,95,78,49,161.60","1,13,449"
"17-Sep-2024","EQ","290.50","290.85","283.90","290.40","284.40","284.30","285.42","340.50","127.00","1,59,46,216","4,55,14,32,389.45","1,69,137"
"16-Sep-2024","EQ","290.90","292.20","288.40","289.95","290.95","290.40","290.12","340.50","127.00","91,84,637","2,66,46,14,503.70","77,428"